Strategy,Total Return,Annualized Return,Volatility,Sharpe Ratio,Max Drawdown
equal_weight,0.09477004593713301,0.0743889877635906,0.10510580479483887,0.7062431780029094,-0.1274322201092838
volatility_adjusted_equal_weight,-0.03565607757444711,-0.02836184113746354,0.09829936460671078,-0.29013993539330196,-0.16261717815883867
ma_crossover,-0.4979254829120714,-0.4207408578872899,0.12197322970056355,-3.4507538176967314,-0.5199508051910181
momentum,-0.23227332782204602,-0.1889798055870041,0.13741338514562298,-1.376420030299784,-0.29175981437858894
black_litterman,-0.1757667153506649,-0.14202683892641166,0.18257736095990038,-0.7787688919239564,-0.28829729831517853
minimum_variance,-0.08634433844303868,-0.069059294011653,0.09965423594491123,-0.6945818560953779,-0.1636588835075126
technical_analysis,-0.8612555647113878,-0.7909518620015334,0.12941402487085457,-6.113020539696005,-0.8661124764063157
sentiment,-0.9186846482597206,-0.8631127027178039,0.17957094598294152,-4.807411511651452,-0.921340516617812
max_return_60day,-0.342440667789465,-0.2826649815834994,0.1297981470292061,-2.178950302569349,-0.3934788192574175
